volatile acidity,citric acid,chlorides,sulphates,alcohol,quality
0.7,0,0.076,0.56,9.4,5
0.88,0,0.098,0.68,9.8,5
0.76,0.04,0.092,0.65,9.8,5
0.28,0.56,0.075,0.58,9.8,6
0.7,0,0.076,0.56,9.4,5
0.66,0,0.075,0.56,9.4,5
0.6,0.06,0.069,0.46,9.4,5
0.65,0,0.065,0.47,10,7
0.58,0.02,0.073,0.57,9.5,7
0.5,0.36,0.071,0.8,10.5,5
0.58,0.08,0.097,0.54,9.2,5
0.5,0.36,0.071,0.8,10.5,5
0.615,0,0.089,0.52,9.9,5
0.61,0.29,0.114,1.56,9.1,5
0.62,0.18,0.176,0.88,9.2,5
0.62,0.19,0.17,0.93,9.2,5
0.28,0.56,0.092,0.75,10.5,7
0.56,0.28,0.368,1.28,9.3,5
0.59,0.08,0.086,0.5,9,4
0.32,0.51,0.341,1.08,9.2,6
0.22,0.48,0.077,0.53,9.4,6
0.39,0.31,0.082,0.65,9.7,5
0.43,0.21,0.106,0.91,9.5,5
0.49,0.11,0.084,0.53,9.4,5
0.4,0.14,0.085,0.63,9.7,6
0.39,0.16,0.08,0.56,9.3,5
0.41,0.24,0.08,0.59,9.5,5
0.43,0.21,0.106,0.91,9.5,5
0.71,0,0.08,0.55,9.4,5
0.645,0,0.082,0.59,9.8,6
0.675,0.07,0.089,0.54,10.1,5
0.685,0,0.105,0.57,10.6,6
0.655,0.12,0.083,0.66,9.8,5
0.605,0.12,0.073,0.52,9.4,6
0.32,0.25,0.103,0.55,9.2,5
0.645,0,0.086,0.55,9.6,6
0.6,0.14,0.086,0.6,10.8,6
0.38,0.28,0.066,0.73,9.7,7
1.13,0.09,0.172,0.48,9.8,4
0.45,0.36,0.074,0.83,10.5,5
0.45,0.36,0.074,0.83,10.5,5
0.61,0.3,0.088,0.51,9.3,4
0.49,0.2,0.332,0.9,10.5,6
0.66,0.22,0.069,1.2,10.3,5
0.67,0.02,0.05,0.52,9.5,5
0.52,0.15,0.054,0.56,13.1,4
0.935,0.43,0.114,0.73,9.2,5
0.29,0.52,0.113,0.58,9.5,5
0.4,0.23,0.066,0.56,9.2,5
0.31,0.37,0.074,0.58,9.2,5
0.66,0.26,0.074,0.74,9.2,5
0.52,0.04,0.069,0.63,9.4,6
0.5,0.04,0.068,0.64,9.4,6
0.38,0.36,0.081,0.56,9.4,5
0.51,0.15,0.11,0.63,10.2,6
0.62,0.04,0.084,0.53,9.5,5
0.42,0.57,0.07,0.63,9.6,5
0.63,0.12,0.111,0.77,9.4,5
0.59,0.18,0.076,0.59,10,5
0.39,0.31,0.074,0.54,9.4,6
0.4,0.4,0.079,0.64,9.2,5
0.69,0.49,0.115,0.71,9.3,5
0.52,0.16,0.085,0.62,9.5,7
0.735,0.05,0.081,0.57,9.8,5
0.725,0.05,0.086,0.39,10.9,5
0.725,0.05,0.086,0.39,10.9,5
0.52,0.11,0.079,0.58,9.6,5
0.705,0.07,0.076,0.58,10.7,5
0.32,0.57,0.074,0.79,10.7,5
0.705,0.05,0.074,0.95,10.5,6
0.63,0.08,0.076,0.54,9.5,6
0.67,0.23,0.088,0.48,9.5,5
0.69,0.22,0.084,0.48,9.5,5
0.675,0.26,0.084,0.53,9.2,4
0.32,0.54,0.094,0.82,9.6,5
0.41,0.64,0.093,0.66,10.5,5
0.41,0.64,0.093,0.66,10.5,5
0.785,0,0.104,0.55,10.7,6
0.75,0.12,0.086,0.52,10.1,5
0.625,0.2,0.08,1.12,9.1,4
0.45,0.2,0.069,0.56,9.2,5
0.43,0.7,0.464,1.28,9.4,5
0.5,0.47,0.086,0.57,9.1,5
0.67,0.26,0.401,1.14,9.4,5
0.3,0.48,0.069,0.78,10.3,6
0.55,0.15,0.076,0.59,10.1,5
0.49,0.28,0.11,1.95,9.9,6
0.49,0.26,0.062,0.64,9.6,5
0.39,0.44,0.107,1.22,9.5,5
0.62,0.08,0.076,0.53,9,5
0.52,0.26,0.079,0.54,9.5,5
0.49,0.28,0.11,1.95,9.9,6
0.49,0.29,0.11,1.98,9.8,5
0.49,0.26,0.062,0.64,9.6,5
1.02,0.04,0.045,0.48,10.5,4
0.6,0.17,0.058,0.6,12.9,6
0.775,0,0.102,0.56,10.7,5
0.5,0.25,0.07,0.63,9.2,5
0.9,0.06,0.079,0.56,9.8,5
0.545,0.18,0.08,0.59,9,6
0.61,0.3,0.084,0.61,10.2,6
0.5,0.3,0.075,0.56,10.4,6
0.545,0.18,0.08,0.59,9,6
0.575,0.22,0.077,0.51,9.2,5
0.49,0.24,0.07,0.48,9.4,5
0.575,0.22,0.077,0.51,9.2,5
0.41,0.68,0.467,1.31,9.3,5
0.63,0.31,0.088,0.79,9.3,5
0.33,0.53,0.091,0.8,9.6,6
0.785,0.52,0.122,0.69,9.3,5
0.56,0.19,0.104,0.93,9.5,5
0.62,0.09,0.084,0.66,9.8,5
0.6,0.1,0.085,0.66,9.8,5
0.31,0.44,0.08,0.67,9.7,6
0.56,0.19,0.104,0.93,9.5,5
0.4,0.31,0.09,0.63,10.5,6
0.54,0.28,0.077,0.61,10,6
0.56,0.12,0.082,0.5,9.4,6
0.55,0.04,0.119,0.6,10.9,6
0.69,0.08,0.097,0.54,9.2,6
1.07,0.09,0.178,0.57,9,5
0.55,0.04,0.119,0.6,10.9,6
0.695,0,0.075,0.52,9.2,5
0.71,0,0.08,0.53,9.5,5
0.5,0.17,0.082,0.48,9.5,5
0.62,0.04,0.146,0.7,9.4,5
1.33,0,0.081,0.49,10.9,5
1.33,0,0.082,0.48,10.9,5
0.59,0.16,0.065,0.92,10.5,7
0.38,0.15,0.072,0.57,9.4,5
0.745,0.56,0.118,0.66,9.4,5
0.5,0.09,0.049,0.63,13,5
0.5,0.09,0.049,0.63,13,5
0.5,0.01,0.06,0.58,9.8,6
1.04,0.05,0.084,0.55,9.9,6
0.745,0.11,0.09,0.82,9.6,5
0.715,0.15,0.089,0.77,9.5,5
0.415,0.36,0.081,0.64,9.2,5
0.56,0.19,0.081,0.54,9.5,5
0.56,0.19,0.081,0.54,9.5,5
0.745,0.11,0.09,0.82,9.6,5
0.715,0.15,0.089,0.77,9.5,5
0.34,0,0.05,0.79,14,6
0.39,0.08,0.066,0.58,9.4,5
0.34,0,0.05,0.79,14,6
0.67,0.55,0.117,0.62,9.4,5
0.68,0.02,0.087,0.52,10,5
0.49,0.26,0.236,0.8,9.3,5
0.49,0.1,0.074,0.58,10.2,6
0.4,0.44,0.089,0.61,10.5,6
0.33,0.47,0.077,0.53,10.3,6
0.52,1,0.61,2,9.4,4
0.6,0.03,0.095,0.54,10.1,5
0.6,0.03,0.095,0.54,10.1,5
0.43,0.42,0.07,0.72,10.5,5
0.43,0.42,0.071,0.71,10.5,5
0.43,0.42,0.07,0.72,10.5,5
0.43,0.42,0.071,0.71,10.5,5
0.68,0,0.073,0.5,9.3,5
0.6,0.18,0.079,0.57,9.3,6
0.95,0.03,0.09,0.56,9.6,5
0.68,0.02,0.072,1.08,9.2,4
0.53,0.04,0.076,0.56,10,6
0.6,0.26,0.07,0.49,9.4,5
0.59,0.26,0.07,0.49,9.4,5
0.63,0.48,0.1,0.62,9.5,5
0.64,0.1,0.085,0.52,10.2,5
0.55,0.03,0.072,0.48,9,4
0.63,0.07,0.089,0.55,10.4,6
0.705,0.24,0.36,1.59,9.5,5
0.885,0.03,0.058,0.33,9.1,4
0.42,0.17,0.073,0.61,9.2,6
0.42,0.17,0.073,0.61,9.2,6
0.62,0.05,0.068,0.57,11.5,6
0.38,0.21,0.08,0.47,9.5,5
0.5,0.04,0.085,0.78,9.5,5
0.38,0.21,0.08,0.47,9.5,5
0.52,0.42,0.087,0.61,10.5,6
0.805,0,0.068,0.56,9.6,5
0.61,0.14,0.067,0.59,9.5,5
0.61,0.14,0.067,0.59,9.5,5
0.61,0.49,0.27,1.02,9.3,5
0.73,0.02,0.076,0.52,9.3,5
0.61,0.2,0.077,0.58,9.3,5
0.62,0.21,0.079,0.58,9.3,6
0.31,0.57,0.111,0.53,9.7,5
0.39,0.48,0.082,0.55,9.2,5
0.705,0.1,0.084,0.49,9.7,5
0.5,0.33,0.084,0.55,9.5,5
0.49,0.32,0.082,0.55,9.5,5
0.5,0.35,0.077,0.62,9.4,5
0.37,0.25,0.074,0.62,9.8,6
0.63,0.12,0.099,0.61,9.5,5
0.55,0.21,0.071,0.55,9.7,5
0.55,0.21,0.071,0.55,9.7,5
0.59,0.33,0.074,0.54,9.4,5
0.58,0.3,0.074,0.59,10.2,5
0.3,0.6,0.067,0.97,10.1,6
0.835,0.08,0.046,0.85,13,7
1.09,0.06,0.061,0.43,11.4,4
0.32,0.47,0.056,0.82,10.3,7
0.37,0.48,0.097,1.03,9.3,5
0.5,0.11,0.075,0.79,9.5,5
0.42,0.35,0.088,0.55,9.2,5
0.43,0.36,0.089,0.56,9.2,6
0.3,0.74,0.095,0.77,10.8,7
0.3,0.74,0.095,0.77,10.8,7
0.57,0.31,0.069,0.53,9.3,5
0.44,0.28,0.1,0.67,9.4,5
0.3,0.58,0.054,0.88,10.5,7
0.53,0.6,0.039,0.86,12.4,6
0.725,0.24,0.083,0.56,10,6
0.44,0.64,0.059,0.67,10.2,6
0.57,0.26,0.06,0.43,10.1,5
0.735,0.08,0.092,0.71,9.8,6
0.49,0.49,0.06,0.76,10.5,5
0.625,0.16,0.101,0.57,11,5
0.725,0.22,0.072,0.55,9.1,5
0.49,0.19,0.076,0.54,9.7,5
0.53,0.33,0.08,0.6,9.5,5
0.34,0.37,0.082,0.59,9.4,6
0.53,0.26,0.101,0.57,9.4,5
0.61,0.04,0.057,0.6,9.5,5
0.645,0.25,0.083,0.6,10,6
0.635,0.36,0.089,0.57,10.4,4
0.43,0.25,0.073,0.58,10.5,6
0.59,0.5,0.337,1.61,9.5,6
0.82,0.14,0.089,0.63,9.8,5
0.43,0.25,0.073,0.58,10.5,6
0.52,0.25,0.081,0.5,11,5
0.48,0.04,0.054,0.62,12.2,7
0.38,0.06,0.078,0.52,9.9,6
0.37,0.2,0.09,0.7,9.6,6
0.52,0.25,0.081,0.5,11,5
1,0.09,0.065,0.55,9,6
0.63,0,0.097,0.58,9,6
0.63,0,0.097,0.58,9,6
0.645,0,0.097,0.58,9.2,6
0.63,0,0.097,0.58,9,6
1,0.09,0.065,0.55,9,6
0.635,0.37,0.263,1.09,9.3,5
0.38,0.56,0.093,0.71,10.9,6
0.58,0.1,0.102,0.49,9.8,6
0.21,0.44,0.075,0.84,9.2,7
0.21,0.44,0.075,0.84,9.2,7
0.66,0,0.084,0.96,9.9,6
0.68,0.07,0.075,0.52,9.5,5
0.6,0.17,0.072,0.45,9.3,5
0.53,0.06,0.074,0.48,9.8,6
0.66,0,0.084,0.96,9.9,6
0.32,0.44,0.063,0.78,10,6
0.6,0,0.074,0.7,9.9,6
0.35,0.48,0.09,0.53,10.5,5
0.775,0.42,0.092,0.59,9.5,5
0.6,0,0.074,0.7,9.9,6
0.57,0.23,0.073,0.57,9.3,5
0.34,0.37,0.075,0.62,9.2,5
0.695,0,0.075,0.67,9.2,5
0.41,0.76,0.611,1.26,9.4,5
0.31,0.47,0.085,0.8,10.5,7
0.33,0.23,0.077,0.65,9.3,5
0.975,0.04,0.087,0.6,9.4,4
0.52,0.03,0.07,0.57,10,5
0.37,0.23,0.077,0.67,9.3,5
0.56,0.49,0.064,0.87,10.9,5
0.26,0.52,0.071,0.72,10.2,7
0.87,0,0.096,0.72,9.8,4
0.35,0.46,0.078,0.86,12.8,8
0.54,0.04,0.077,0.91,9.4,6
0.18,0.51,0.104,0.97,10.1,6
0.545,0.06,0.087,0.67,10.7,6
0.18,0.51,0.104,0.97,10.1,6
0.37,0.58,0.071,0.78,10.1,5
0.715,0.2,0.076,0.64,9.4,5
0.65,0.18,0.088,0.77,9.4,5
0.545,0.06,0.087,0.67,10.7,6
0.54,0.04,0.077,0.91,9.4,6
0.18,0.51,0.104,0.97,10.1,6
0.32,0.45,0.073,0.82,12.6,8
0.4,0.32,0.087,0.77,10.5,7
0.26,0.44,0.071,0.82,9.3,6
0.27,0.68,0.358,1.08,9.9,7
0.52,0.12,0.067,0.57,9.1,5
0.4,0.32,0.087,0.77,10.5,7
0.59,0.07,0.102,0.71,9.8,5
0.59,0.07,0.102,0.71,9.8,5
0.45,0.55,0.073,0.76,10.3,6
0.4,0.12,0.092,0.7,10.3,6
0.52,0.09,0.091,0.86,10.6,7
0.42,0.53,0.105,0.95,9.2,5
0.52,0.09,0.091,0.86,10.6,7
0.2,0.48,0.343,0.71,10.5,5
0.55,0.23,0.091,0.64,10.3,6
0.36,0.25,0.098,0.6,10.1,6
0.34,0.52,0.094,0.81,9.5,6
0.5,0.46,0.073,0.64,9.5,5
0.83,0.37,0.086,0.52,9.9,5
0.63,0.06,0.083,0.73,9.6,5
0.65,0.02,0.094,0.8,9.7,5
0.67,0.06,0.08,0.71,9.6,5
0.53,0.06,0.086,0.59,10.7,6
0.18,0.48,0.068,0.64,10.1,6
0.705,0.12,0.092,0.72,10,5
0.67,0.12,0.186,0.54,9.5,5
0.65,0.6,0.112,0.52,9.2,5
0.53,0.48,0.063,0.59,9.3,6
0.62,0.32,0.082,0.52,9.4,5
0.41,0.42,0.213,0.62,9.5,6
0.43,0.44,0.214,0.63,9.5,6
0.29,0.38,0.062,0.53,9.5,6
0.53,0.48,0.063,0.59,9.3,6
0.53,0.24,0.072,0.54,9.4,6
0.46,0.31,0.093,0.63,9.5,6
0.47,0.3,0.076,0.53,9.4,5
0.36,0.29,0.087,0.68,11,5
0.35,0.29,0.096,0.65,11,6
0.56,0.23,0.102,0.65,10.1,5
0.77,0.12,0.082,0.64,10.4,6
0.66,0.39,0.083,0.71,11.5,7
0.77,0.12,0.082,0.64,10.4,6
0.66,0.39,0.083,0.71,11.5,7
0.61,0.26,0.09,0.62,9.7,5
0.62,0.05,0.079,0.63,9.3,5
0.59,0.42,0.09,0.7,9.5,6
0.49,0.2,0.071,0.69,9.2,6
0.49,0.2,0.071,0.69,9.2,6
0.53,0.66,0.121,0.74,11.5,7
0.44,0.5,0.107,0.83,11.5,5
0.27,0.62,0.082,0.67,9.7,6
0.46,0.39,0.061,0.62,9.5,5
0.36,0.64,0.122,0.66,12.5,6
0.36,0.64,0.122,0.66,12.5,6
0.58,0.28,0.066,0.54,9.4,6
0.56,0.08,0.105,0.52,11,5
0.65,0.01,0.078,0.74,11.7,7
0.695,0.53,0.128,0.84,12.2,7
0.43,0.45,0.052,0.7,12.5,6
0.43,0.32,0.08,0.64,10.3,5
0.49,0.58,0.103,1,11.5,6
0.28,0.54,0.082,1.36,9.8,7
0.34,0.5,0.066,1.18,9.2,6
0.42,0.48,0.065,0.87,11.3,6
0.39,0.47,0.118,0.75,9.8,6
0.39,0.47,0.118,0.75,9.8,6
0.57,0.5,0.082,0.78,10.7,6
0.685,0,0.067,0.81,9.9,5
0.815,0.02,0.072,0.89,12.3,7
0.49,0.67,0.093,0.93,12,6
0.56,0.31,0.089,0.92,10,6
0.785,0,0.093,0.86,9.4,6
0.67,0.22,0.107,0.98,9.9,6
0.795,0,0.096,0.83,9.4,6
0.665,0,0.09,0.73,9.3,5
0.53,0.79,0.12,0.77,13,5
0.21,0.4,0.066,0.59,11.9,6
0.75,0.01,0.078,0.61,12.8,6
0.41,0.52,0.08,0.88,11,5
0.42,0.66,0.116,0.75,11.7,7
0.43,0.66,0.109,0.85,10.4,7
0.38,0.66,0.088,0.68,9.8,6
0.7,0.23,0.099,0.7,9.4,5
0.45,0.31,0.086,0.91,9.9,6
0.58,0.66,0.072,0.56,10,5
0.46,0.63,0.071,0.87,10.2,5
0.615,0.66,0.083,0.73,10,7
0.42,0.5,0.107,0.93,11.8,6
0.615,0.66,0.083,0.73,10,7
0.575,0.61,0.076,0.69,9,5
0.34,0.52,0.159,0.64,9.4,5
0.27,0.53,0.074,1.13,12,7
0.765,0.02,0.063,0.78,9.9,5
0.24,0.4,0.056,0.87,8.7,6
0.28,0.48,0.067,1.04,10.6,6
0.55,0.22,0.106,0.63,9.2,5
0.41,0.63,0.089,0.81,10.8,6
0.54,0.71,0.124,0.83,11.8,7
0.45,0.5,0.078,1.11,11,6
0.27,0.53,0.074,1.13,12,7
0.625,0.66,0.088,0.99,13.3,6
0.42,0.38,0.094,0.7,10.8,6
0.26,0.42,0.08,0.8,9.4,6
0.415,0.68,0.085,0.8,10,6
0.26,0.42,0.08,0.8,9.4,6
0.26,0.42,0.08,0.8,9.4,6
0.51,0.28,0.087,0.74,9.2,5
0.63,0.07,0.09,0.76,9.7,6
0.54,0.26,0.088,0.74,9.2,6
0.66,0.15,0.079,0.54,9.6,6
0.46,0.26,0.088,0.74,9.2,6
0.38,0.31,0.096,0.7,10,7
0.85,0.05,0.045,0.82,12.9,8
0.415,0.68,0.085,0.8,10,6
0.37,0.52,0.082,0.51,9.5,5
0.665,0.61,0.112,0.54,9.1,5
0.6,0.65,0.063,0.57,9.9,5
0.37,0.76,0.066,0.6,13,7
0.735,0.02,0.122,0.53,9.9,5
0.59,0.59,0.087,0.65,11,6
0.59,0.59,0.087,0.65,11,6
0.765,0.22,0.064,0.55,9.4,5
0.735,0.02,0.122,0.53,9.9,5
0.26,0.3,0.059,0.47,10.8,6
0.48,0.54,0.085,0.61,10.5,6
0.6,0.49,0.085,0.63,10.5,6
0.69,0.05,0.075,0.61,9.1,5
0.31,0.46,0.059,0.76,10.1,6
0.44,0.47,0.063,0.65,10.8,6
0.39,0.66,0.093,0.63,10.8,7
0.34,0.58,0.174,0.7,11.3,6
0.46,0.49,0.07,0.57,9.6,4
0.43,0.34,0.08,0.62,9.5,6
0.45,0.35,0.08,0.62,9.5,5
0.735,0.16,0.1,0.64,9.3,5
0.4,0.53,0.097,0.82,11.7,7
0.52,0.34,0.087,0.61,9.5,5
0.725,0.24,0.117,1.07,9.3,5
0.48,0.64,0.111,0.66,11.7,6
0.58,0.12,0.091,0.48,10.5,5
0.38,0.51,0.121,0.76,10.4,6
0.77,0,0.066,0.68,9.9,5
0.56,0.33,0.089,0.73,11.8,7
0.84,0.03,0.059,0.56,12.3,7
0.96,0.2,0.047,0.44,10.9,5
0.24,0.47,0.066,0.9,11,7
0.96,0.2,0.047,0.44,10.9,5
0.84,0.03,0.059,0.56,12.3,7
0.67,0.08,0.045,0.49,11.4,6
0.78,0.22,0.077,0.56,10.6,6
0.52,0.33,0.07,0.6,9.3,5
0.84,0.63,0.088,0.6,10.4,6
0.24,0.47,0.066,0.9,11,7
0.55,0.35,0.074,0.56,9.2,5
0.37,0.69,0.078,0.65,12.8,6
0.39,0.63,0.091,0.49,9.5,5
0.41,0.55,0.076,0.89,9.9,6
0.39,0.63,0.091,0.49,9.5,5
0.67,0.3,0.06,0.56,10.2,6
0.45,0.73,0.066,0.66,11.2,6
0.41,0.55,0.076,0.89,9.9,6
0.62,0.18,0.062,0.6,9.3,5
0.31,0.72,0.072,0.82,9.8,8
0.4,0.65,0.068,0.68,11.3,6
0.685,0.76,0.1,0.68,11.2,7
0.44,0.49,0.077,0.63,11.6,7
0.57,0.01,0.054,0.84,12.5,7
0.735,0.1,0.079,0.56,10.1,6
0.38,0.6,0.081,0.73,10.5,5
0.48,0.29,0.127,0.72,11.2,5
0.53,0.22,0.1,0.56,10.2,6
0.39,0.69,0.095,0.61,10.8,6
0.39,0.69,0.095,0.61,10.8,6
0.37,0.53,0.413,1.06,9.1,6
0.56,0.03,0.084,0.63,10,6
0.33,0.63,0.084,0.74,11.2,7
0.23,0.4,0.063,0.63,11.1,5
0.62,0.67,0.086,0.69,13.4,8
0.59,0.39,0.095,0.58,10.3,5
0.63,0.21,0.097,0.58,9.6,5
0.33,0.63,0.084,0.74,11.2,7
0.58,0.66,0.074,0.57,9,3
0.43,0.52,0.083,0.61,11.3,6
0.615,0.22,0.087,0.61,9.3,5
0.26,0.68,0.085,0.61,11.8,5
0.66,0.7,0.098,0.53,9,5
0.315,0.54,0.084,0.7,9.2,6
0.29,0.4,0.098,0.91,9.7,5
0.5,0.42,0.069,0.72,11.5,6
0.46,0.45,0.065,0.79,14,6
0.36,0.69,0.09,0.62,9.2,6
0.82,0.02,0.07,0.58,9.8,5
0.32,0.65,0.093,0.61,10.6,5
0.54,0.42,0.081,0.71,11.4,6
0.37,0.55,0.083,0.82,10.4,6
0.35,0.55,0.062,0.79,10.6,5
0.28,0.51,0.08,0.89,9.4,6
0.68,0.24,0.087,0.6,10.2,5
0.27,0.41,0.091,0.7,9.7,5
0.24,0.49,0.075,1.06,11,6
0.68,0.24,0.087,0.6,10.2,5
0.685,0.11,0.077,0.7,10.1,6
0.28,0.39,0.069,0.66,9.2,5
0.3,0.56,0.08,0.92,11.7,8
0.36,0.59,0.152,1.05,9.4,5
0.36,0.6,0.152,1.06,9.4,5
0.44,0.68,0.114,0.66,13.4,6
0.67,0.39,0.054,0.47,10,5
0.67,0.39,0.054,0.47,10,5
0.645,0.36,0.053,0.42,10,6
0.32,0.55,0.081,0.92,10.8,7
0.39,0.4,0.073,0.75,10.2,6
0.775,0.27,0.078,0.67,10.6,6
0.41,0.5,0.055,0.79,13.3,7
0.4,0.51,0.052,0.9,13.4,7
0.69,0.31,0.086,0.74,11.6,6
0.39,0.23,0.051,0.55,12.1,6
0.35,0.53,0.07,0.65,11,8
0.52,0.25,0.081,0.65,9,6
0.34,0.32,0.09,0.79,11.1,5
0.35,0.53,0.07,0.65,11,8
0.69,0.31,0.086,0.74,11.6,6
0.52,0.25,0.081,0.65,9,6
0.44,0.73,0.074,0.85,12,7
0.44,0.73,0.074,0.85,12,7
0.26,0.47,0.078,1.04,10.9,7
0.24,0.42,0.077,1.05,10.8,7
0.49,0.63,0.072,0.78,12.5,7
0.24,0.46,0.075,1.02,10.8,7
0.67,0.55,0.084,0.71,9.5,6
0.59,0.31,0.09,0.63,10.2,6
0.29,0.75,0.084,0.68,11.4,7
0.42,0.49,0.073,0.61,9.5,5
0.59,0.31,0.09,0.63,10.2,6
0.4,0.48,0.125,0.81,9.7,6
0.51,0.64,0.107,0.66,11.8,7
0.51,0.64,0.107,0.66,11.8,7
0.655,0.49,0.122,1.14,9.3,5
0.6,0.49,0.1,0.74,11.9,6
0.61,0.49,0.2,0.63,8.4,3
0.21,0.49,0.088,0.68,11.7,6
0.365,0.49,0.088,0.78,11,5
0.25,0.49,0.088,0.9,10,6
0.41,0.49,0.088,0.64,9.1,5
0.39,0.49,0.099,0.99,9.8,5
0.4,0.49,0.085,0.55,9.4,5
0.43,0.49,0.086,0.64,9.5,5
0.64,0.24,0.105,0.67,9.9,5
0.365,0.49,0.088,0.78,11,5
0.38,0.49,0.097,0.77,11.4,6
0.42,0.49,0.084,0.75,8.7,6
0.63,0.24,0.077,0.57,9.4,5
0.22,0.24,0.078,0.87,10.3,6
0.38,0.49,0.098,0.61,10.3,5
0.38,0.49,0.098,0.61,10.3,5
0.27,0.24,0.072,0.66,12.8,6
0.48,0.24,0.102,0.56,10,6
0.22,0.24,0.078,0.87,10.3,6
0.63,0.24,0.077,0.57,9.4,5
0.825,0.24,0.084,0.77,10.7,6
0.35,0.49,0.066,0.66,12,7
0.5,0.74,0.1,0.62,11.2,5
0.59,0.24,0.101,0.67,9.6,5
0.46,0.49,0.064,0.73,11,6
0.715,0.24,0.07,0.59,9.9,5
0.66,0.24,0.085,0.72,11,6
0.31,0.74,0.075,0.79,8.4,6
0.47,0.49,0.094,0.59,9.1,5
0.55,0.24,0.078,0.78,9.5,6
0.31,0.49,0.067,0.86,10.7,6
0.35,0.49,0.079,0.75,10.4,6
0.53,0.49,0.171,0.61,9.4,6
0.51,0.01,0.074,0.56,9.5,6
0.43,0.24,0.092,0.73,10,6
0.46,0.24,0.092,0.74,10,6
1.04,0.24,0.05,0.62,11.5,5
0.645,0.49,0.095,0.74,11.1,5
0.645,0.49,0.095,0.74,11.1,5
0.53,0.49,0.118,0.56,11.7,6
0.645,0.49,0.095,0.74,11.1,5
0.53,0.49,0.118,0.56,11.7,6
0.47,0.49,0.085,0.68,12.7,6
0.6,0.49,0.075,0.57,11.4,5
0.44,0.49,0.078,0.58,9.2,5
0.54,0.49,0.094,0.61,9.2,5
0.29,0.49,0.092,0.61,10.1,6
0.47,0.49,0.085,0.68,12.7,6
0.6,0.49,0.075,0.57,11.4,5
0.7,0.24,0.226,0.6,9,6
0.7,0.24,0.226,0.6,9,6
0.5,0.49,0.25,0.79,10.7,6
0.36,0.24,0.095,0.57,11.7,6
0.35,0.49,0.07,0.91,11,6
0.36,0.24,0.095,0.57,11.7,6
0.24,0.49,0.075,0.61,10.4,5
0.59,0.49,0.07,0.56,9.6,4
0.34,0.49,0.078,0.7,10,6
0.27,0.49,0.079,0.8,10.2,6
0.5,0.24,0.103,0.52,10,4
0.44,0.49,0.083,0.6,9.5,5
0.47,0.49,0.085,0.6,9.8,5
0.31,0.49,0.063,0.51,9.8,6
0.5,0.49,0.089,0.44,9.6,5
0.5,0.49,0.089,0.44,9.6,5
0.49,0.49,0.083,0.43,9.2,5
0.28,0.49,0.074,0.66,9.9,7
0.33,0.49,0.093,0.76,10.7,7
0.51,0.24,0.091,0.66,9.6,6
0.31,0.49,0.094,1.02,10.6,7
0.73,0.24,0.108,0.59,9.3,5
0.42,0.24,0.06,0.74,14,8
0.29,0.49,0.059,0.74,10.5,7
0.45,0.49,0.084,0.57,9.7,5
0.39,0.49,0.07,0.5,11.5,6
0.45,0.49,0.084,0.57,9.7,5
0.49,0.58,0.094,0.58,9,5
0.72,0.17,0.096,0.53,9.5,5
0.595,0.41,0.086,0.57,9.3,5
0.4,0.51,0.059,0.6,9.3,6
0.58,0.58,0.071,0.63,10,6
0.585,0.18,0.078,0.48,9.8,6
0.59,0.45,0.082,0.7,9.3,6
0.915,0.27,0.088,0.47,10,4
0.46,0.52,0.071,0.56,9,6
0.835,0,0.081,0.52,9.3,5
0.46,0.52,0.071,0.56,9,6
0.58,0.13,0.096,0.62,9.1,6
0.6,0.13,0.085,0.59,9.2,6
0.41,0.48,0.072,0.79,12.2,7
0.48,0.41,0.092,0.53,10.5,6
0.65,0.37,0.11,0.64,10.4,6
0.36,0.19,0.075,0.52,12.7,6
0.24,0.54,0.083,0.54,9.2,5
0.38,0.55,0.081,0.54,9.4,5
0.64,0,0.077,0.6,10,6
0.39,0.38,0.058,0.74,9.8,5
0.755,0.18,0.148,1.36,10.2,6
0.6,0.5,0.079,0.57,9.7,5
0.6,0.5,0.079,0.57,9.7,5
0.31,0.51,0.079,0.93,9.8,6
0.46,0.5,0.122,0.7,10.2,5
0.37,0.41,0.088,0.8,9.3,5
0.54,0.24,0.076,0.61,9.4,5
0.56,0.23,0.078,0.62,9.4,5
0.58,0.22,0.08,0.55,9.5,5
0.51,0.25,0.077,0.96,12.1,6
0.69,0,0.124,0.72,10.2,5
0.69,0,0.124,0.72,10.2,5
0.6,0.29,0.098,0.49,9.1,5
0.6,0.29,0.098,0.49,9.1,5
0.54,0.26,0.097,0.6,9.3,6
0.685,0.23,0.111,0.61,9.3,5
0.54,0.26,0.097,0.6,9.3,6
0.28,0.54,0.105,0.63,9.5,5
0.41,0.14,0.087,0.57,10.5,6
0.935,0.22,0.105,0.64,11.3,4
0.35,0.21,0.073,0.58,9.5,5
0.84,0,0.065,0.55,9.7,5
0.88,0.28,0.086,0.53,9.4,5
0.885,0.27,0.084,0.53,9.4,5
0.915,0.12,0.143,0.65,10.2,7
0.29,0.35,0.067,1.36,10.3,6
0.54,0.45,0.071,0.62,9.4,5
0.59,0.44,0.071,0.63,9.5,5
0.54,0.45,0.071,0.62,9.4,5
0.59,0.44,0.071,0.63,9.5,5
0.54,0.45,0.071,0.62,9.4,5
0.64,0.1,0.115,0.69,10.1,7
0.67,0.05,0.107,0.63,10.1,5
0.845,0.01,0.07,0.58,11,4
0.48,0.3,0.066,0.67,11.2,7
0.42,0.27,0.068,0.57,11.3,6
0.43,0.39,0.106,0.5,9.6,5
0.88,0.25,0.104,0.67,11.2,5
0.36,0.65,0.096,0.84,14.9,5
0.33,0.59,0.079,0.54,12,6
0.47,0.47,0.074,0.46,9.5,5
0.55,0.17,0.087,0.61,9.4,5
0.43,0.39,0.106,0.5,9.6,5
0.5,0.59,0.073,0.68,10.5,7
0.52,0.07,0.074,0.81,9.6,6
0.84,0.02,0.096,0.57,11,4
0.52,0.07,0.074,0.81,9.6,6
0.42,0.31,0.08,0.64,9,5
0.57,0.06,0.076,0.7,9.6,6
0.28,0.46,0.05,0.79,10.2,6
0.4,0.52,0.092,0.66,10.2,5
0.59,0.14,0.084,0.56,9.7,5
0.49,0.36,0.222,0.6,9.5,6
0.34,0.45,0.082,0.66,9.2,6
0.73,0.43,0.059,0.57,11,5
0.34,0.45,0.082,0.66,9.2,6
0.4,0.24,0.083,0.58,10,5
0.73,0.21,0.074,0.52,9.5,5
1.24,0.34,0.079,0.53,9.5,5
0.73,0.21,0.074,0.52,9.5,5
0.4,0.41,0.084,0.67,9.3,6
0.41,0.39,0.064,0.65,10.2,5
0.4,0.41,0.084,0.67,9.3,6
0.8,0.11,0.084,0.48,9.9,5
0.78,0.1,0.081,0.53,10,5
0.26,0.45,0.06,0.54,9.6,5
0.43,0.58,0.07,0.49,9,5
0.45,0.23,0.094,0.49,10.2,6
0.46,0.31,0.078,0.54,9.8,5
0.78,0.23,0.059,0.56,11.3,5
0.98,0.32,0.078,0.48,9.4,5
0.78,0.23,0.059,0.56,11.3,5
0.65,0.18,0.07,0.6,9.1,5
0.64,0.23,0.095,0.59,9.7,5
0.66,0.04,0.039,0.47,9.4,5
0.38,0.48,0.157,1.05,9.4,5
1.185,0,0.097,0.54,10.7,3
0.92,0.24,0.087,0.54,9.8,5
0.49,0.51,0.422,1.17,9,5
0.48,0.32,0.084,0.62,9.4,5
0.47,0.31,0.084,0.61,9.4,5
0.47,0.02,0.034,0.62,12.8,6
0.65,0.02,0.066,0.67,9.5,6
0.65,0.02,0.066,0.67,9.5,6
0.615,0.28,0.087,0.53,9.7,5
0.38,0.55,0.071,0.62,10.8,6
1.02,0.43,0.076,0.57,10.1,6
0.65,0.02,0.066,0.67,9.5,6
0.64,0.02,0.067,0.67,9.4,6
0.38,0.48,0.073,0.7,9.6,4
0.765,0.04,0.078,0.54,9.7,4
1.035,0.15,0.073,0.49,9.9,5
0.78,0.08,0.093,0.47,10,5
0.49,0.19,0.077,0.51,10.5,5
0.545,0.12,0.068,0.61,11.6,6
0.31,0.47,0.062,0.66,10,6
1.025,0.43,0.08,0.57,10.1,5
0.565,0.34,0.093,0.61,9.5,5
0.69,0,0.084,0.45,9.4,5
0.43,0.36,0.075,0.46,9.4,5
0.74,0.28,0.078,0.51,9.8,5
0.49,0.18,0.069,0.48,9.2,6
0.43,0.36,0.075,0.46,9.4,5
0.46,0.11,0.079,0.57,10,5
0.56,0.04,0.082,0.44,9.6,5
0.66,0,0.086,0.54,9.5,5
0.56,0.04,0.082,0.44,9.6,5
0.48,0.24,0.094,0.53,9.2,5
0.42,0.08,0.084,0.59,10,5
0.31,0.3,0.053,1.62,9.5,5
1.115,0.1,0.086,0.6,11.2,4
0.66,0.17,0.077,0.55,10.4,5
0.72,0.09,0.084,0.72,11.1,6
0.57,0.02,0.067,0.68,9.5,5
0.57,0.02,0.067,0.68,9.5,5
0.865,0.03,0.071,0.49,12.7,6
0.55,0.66,0.387,0.67,9.6,5
0.875,0.13,0.088,0.52,11.5,5
0.835,0.03,0.092,0.47,9.6,5
0.45,0.34,0.082,0.6,9.5,5
0.56,0.2,0.075,0.62,9.3,5
0.965,0.1,0.112,0.5,9.5,5
0.965,0.1,0.112,0.5,9.5,5
0.59,0,0.093,0.65,9.3,6
0.46,0.23,0.092,0.56,9.2,5
0.69,0,0.088,0.6,9.3,5
0.76,0.29,0.075,0.68,11.5,6
0.53,0.24,0.078,0.57,9.5,5
0.615,0,0.065,0.65,9.2,5
0.41,0.58,0.096,0.53,10,5
0.39,0.54,0.095,0.51,9.5,5
0.51,0.18,0.07,0.73,9.5,6
0.34,0.38,0.08,0.47,9,6
0.33,0.4,0.083,0.48,9.4,5
0.5,0.18,0.071,0.72,9.6,6
0.51,0.18,0.07,0.73,9.5,6
0.65,0.1,0.089,0.55,9.5,5
0.65,0.1,0.089,0.55,9.5,5
0.54,0.13,0.097,0.61,9.4,5
0.65,0.1,0.089,0.55,9.5,5
0.48,0.68,0.415,1.06,9.1,6
0.91,0.07,0.058,0.43,10.7,6
0.98,0.01,0.057,0.46,11.2,6
0.87,0,0.084,0.5,9.8,5
0.87,0,0.084,0.5,9.8,5
0.42,0.21,0.092,0.52,9.2,5
0.58,0.25,0.075,0.57,9.7,5
0.655,0.26,0.096,0.42,9.6,5
0.7,0,0.069,0.53,10,6
0.655,0.26,0.096,0.42,9.6,5
0.68,0.11,0.093,0.55,9.5,6
0.67,0.1,0.091,0.54,9.5,6
0.59,0.18,0.089,0.54,9.4,5
0.6,0.32,0.103,0.62,9.5,5
0.59,0.02,0.082,0.53,9.7,6
0.72,0.01,0.076,0.54,9.6,5
0.59,0.02,0.082,0.53,9.7,6
0.685,0.26,0.082,0.55,9.4,5
0.57,0.27,0.082,0.55,9.4,5
0.4,0.29,0.157,0.92,9.5,6
0.4,0.3,0.157,0.91,9.5,6
1,0,0.102,0.46,10,5
0.765,0.18,0.243,0.6,10.3,6
0.635,0.17,0.241,0.59,10.3,6
0.43,0.3,0.079,0.61,10.5,5
0.52,0.03,0.076,0.6,9.8,5
0.57,0,0.19,0.6,9.4,6
0.46,0.14,0.114,0.65,9.8,5
0.82,0.05,0.081,0.53,10,5
0.46,0.14,0.114,0.65,9.8,5
0.59,0.01,0.077,0.59,9.8,5
0.35,0.41,0.083,0.5,9.5,5
0.35,0.41,0.083,0.5,9.5,5
0.56,0.24,0.079,0.56,10.1,6
0.56,0.24,0.079,0.56,10.1,6
0.63,0.17,0.099,0.52,9.3,5
0.37,0.43,0.082,0.68,9.7,6
0.64,0.17,0.084,0.54,9.6,5
0.61,0.02,0.081,0.6,9.7,6
0.6,0,0.055,0.56,10.8,5
0.27,0.54,0.065,0.53,12.5,6
0.89,0.3,0.132,1.18,10.2,5
0.46,0.31,0.126,0.74,9.6,5
0.37,0.44,0.038,0.81,10.8,7
0.5,0.34,0.082,0.52,10.7,6
0.5,0.34,0.082,0.52,10.7,6
0.61,0.08,0.082,0.51,9.4,5
0.55,0.09,0.068,0.44,10,5
0.585,0,0.044,0.94,12.9,7
0.56,0.08,0.114,0.66,9.6,6
0.52,0.22,0.084,0.57,9.9,6
0.28,0.4,0.052,0.7,12.8,7
0.25,0.39,0.041,0.71,12.5,7
0.28,0.4,0.052,0.7,12.8,7
0.53,0.12,0.165,0.86,9.2,5
0.48,0.31,0.07,0.55,10.3,6
0.49,0.1,0.068,0.47,10.5,5
0.5,0.55,0.072,0.68,10.9,6
0.45,0.33,0.099,0.71,10.8,5
0.39,0.24,0.102,0.58,11.4,4
0.41,0.54,0.103,0.76,11.3,6
0.45,0.33,0.099,0.71,10.8,5
0.51,0.19,0.081,0.58,10.5,6
0.29,0.42,0.084,0.73,11.9,6
0.715,0,0.071,0.45,9.4,5
0.66,0.15,0.097,0.54,9.6,5
0.685,0,0.099,0.6,9.7,5
0.42,0,0.048,0.74,14,7
0.54,0.13,0.076,0.64,9.8,5
0.54,0.13,0.076,0.64,9.8,5
0.48,0.28,0.068,0.53,10.3,5
0.46,0.14,0.076,0.49,10.7,5
0.27,0.34,0.05,0.64,11,7
0.46,0.14,0.076,0.49,10.7,5
0.57,0.09,0.065,0.74,12.7,8
0.61,0.08,0.071,0.77,11.1,6
0.685,0.07,0.058,0.55,10.9,4
0.61,0.08,0.071,0.77,11.1,6
0.44,0.42,0.145,0.86,9.9,3
0.47,0.44,0.147,0.86,9.9,4
0.685,0.26,0.088,0.47,9.4,5
0.665,0.1,0.066,0.51,9.3,5
0.28,0.28,0.012,0.39,11.7,7
0.28,0.28,0.012,0.39,11.7,7
0.31,0.35,0.075,0.83,11.2,7
0.5,0.04,0.092,0.47,10,5
0.42,0.47,0.085,0.77,12.1,7
0.66,0,0.115,0.63,10.3,5
0.5,0.45,0.119,0.72,10.9,6
0.685,0.35,0.088,0.62,9.4,5
0.25,0.46,0.062,0.83,10.6,6
0.64,0.21,0.081,0.66,9.8,5
0.64,0.21,0.081,0.66,9.8,5
0.68,0.16,0.078,0.7,9.9,6
0.64,0.21,0.081,0.66,9.8,5
0.63,0.21,0.08,0.66,9.8,5
0.43,0.44,0.085,0.55,9.5,5
0.43,0.44,0.085,0.55,9.5,5
0.42,0.32,0.08,1.07,9.7,5
0.36,0.39,0.08,0.73,10.9,6
0.36,0.39,0.08,0.73,10.9,6
0.735,0.02,0.071,0.71,11.7,7
0.36,0.39,0.08,0.73,10.9,6
0.26,0.34,0.073,0.78,11.3,7
0.28,0.47,0.054,0.67,10.6,7
0.56,0.22,0.074,0.82,11.2,6
0.62,0.06,0.077,0.54,9.5,5
1.01,0.66,0.039,0.6,11.5,6
0.42,0.32,0.067,0.44,10.4,5
0.62,0.06,0.078,0.53,9.7,5
0.62,0.06,0.077,0.54,9.5,5
0.635,0.07,0.077,0.54,9.7,5
0.49,0.22,0.071,0.83,11.3,6
0.51,0.23,0.072,0.84,11.2,6
0.56,0.22,0.074,0.82,11.2,6
0.63,0.03,0.08,0.64,10.9,6
0.715,0.01,0.064,0.57,11.8,6
0.56,0.03,0.086,0.57,10.6,5
0.35,0.24,0.067,0.54,10,4
0.21,0.37,0.067,0.58,11.1,7
0.38,0.46,0.104,0.65,11.8,7
0.31,0.4,0.109,0.79,11.8,7
0.47,0,0.067,0.58,10.9,4
0.715,0.01,0.064,0.57,11.8,6
0.61,0.19,0.094,0.5,10,6
0.6,0.04,0.076,0.55,9.5,5
0.56,0.18,0.078,0.49,9.9,5
0.715,0,0.068,0.65,11.4,6
0.31,0.29,0.194,0.78,12,6
0.6,0.04,0.076,0.55,9.5,5
0.61,0.19,0.094,0.5,10,6
0.75,0.14,0.086,0.64,10.5,5
0.8,0.12,0.083,0.65,10.4,6
0.52,0.38,0.066,0.79,12.1,7
0.57,0,0.072,0.56,11.2,6
0.9,0.34,0.112,0.68,9.3,5
0.34,0.24,0.071,0.58,10.1,5
0.66,0.03,0.078,0.57,9.7,5
0.45,0.23,0.082,0.65,9.3,6
0.66,0.03,0.078,0.57,9.7,5
0.63,0.03,0.08,0.58,9.8,6
0.59,0.01,0.08,0.58,10.7,6
0.31,0.39,0.078,0.77,12.5,7
0.59,0.01,0.08,0.58,10.7,6
0.31,0.39,0.078,0.77,12.5,7
1.02,0.02,0.084,0.49,11,3
0.31,0.36,0.056,0.69,11.8,5
0.635,0.1,0.08,0.69,10.8,7
0.635,0.1,0.08,0.69,10.8,7
0.59,0.06,0.06,0.59,10.8,7
0.59,0.06,0.06,0.59,10.8,7
0.58,0.2,0.081,0.59,9.5,5
0.54,0.27,0.084,0.71,11,5
0.56,0,0.079,0.54,11.5,6
0.52,0.13,0.078,0.59,10.8,6
0.305,0.39,0.059,0.52,11.5,6
0.38,0.48,0.132,0.57,13.2,6
0.28,0.46,0.114,0.6,10.9,6
0.46,0.44,0.065,0.62,12.2,6
0.395,0.46,0.094,0.64,12.2,7
0.305,0.39,0.059,0.52,11.5,6
0.315,0.4,0.079,0.67,11.9,6
0.715,0.19,0.161,0.61,11,5
0.41,0.31,0.084,0.64,10.1,6
0.36,0.32,0.081,0.72,11,6
0.62,0.12,0.072,0.89,11.8,6
0.41,0.37,0.091,0.56,10.5,5
0.36,0.32,0.081,0.72,11,6
0.62,0.12,0.072,0.89,11.8,6
0.41,0.31,0.084,0.64,10.1,6
0.47,0.27,0.055,0.8,11.2,5
0.22,0.36,0.064,0.87,11,7
0.24,0.33,0.061,0.9,10.2,6
0.67,0.19,0.093,0.59,9.2,4
0.47,0.27,0.055,0.8,11.2,5
0.33,0.38,0.063,0.73,12,7
0.61,0.01,0.08,0.73,10.5,5
0.61,0.01,0.074,0.65,9.8,5
0.4,0.29,0.078,0.59,9.5,6
0.61,0.01,0.074,0.65,9.8,5
0.61,0.01,0.08,0.73,10.5,5
0.3,0.38,0.06,0.72,11.8,6
0.3,0.38,0.06,0.72,11.8,6
0.63,0.5,0.071,0.6,10.4,4
0.38,0.38,0.068,0.72,12.9,7
0.46,0.17,0.073,0.54,11.4,5
0.33,0.52,0.074,0.76,12.4,7
0.27,0.49,0.082,0.52,12.5,7
0.43,0.4,0.092,0.64,10,7
0.5,0.34,0.094,0.6,9.7,7
0.3,0.49,0.09,0.64,12.1,7
0.44,0.42,0.071,0.79,11.1,7
0.44,0.58,0.092,0.99,12,7
0.28,0.48,0.093,0.62,12.4,7
0.12,0.45,0.075,0.76,11.9,7
0.12,0.45,0.075,0.76,11.9,7
0.12,0.45,0.075,0.76,11.9,7
0.28,0.48,0.093,0.62,12.4,7
0.31,0.4,0.058,0.68,11.2,7
0.34,0.48,0.052,0.69,12.1,7
0.43,0.4,0.082,0.54,12.2,6
0.21,0.52,0.09,0.67,10.4,5
0.36,0.52,0.111,0.62,11.3,6
0.37,0.52,0.088,0.58,11.1,6
0.57,0.12,0.12,0.71,11.3,7
0.59,0.05,0.089,0.61,10,5
0.47,0.27,0.058,0.85,11.1,6
0.56,0.14,0.078,0.62,9.3,5
0.57,0.02,0.115,0.69,9.5,5
0.27,0.39,0.1,0.69,11.2,6
0.47,0.27,0.058,0.85,11.1,6
0.34,0.4,0.065,0.86,11,6
0.38,0.41,0.103,0.58,11.9,7
0.66,0.2,0.097,0.48,9.2,5
0.4,0.43,0.068,0.6,12.2,6
0.56,0.09,0.079,0.61,10.2,5
0.26,0.48,0.066,0.87,10.9,6
0.26,0.48,0.066,0.87,10.9,6
0.38,0.5,0.104,0.65,11.6,7
0.34,0.44,0.079,0.63,10.7,5
0.33,0.41,0.073,0.62,12.1,7
0.41,0.3,0.083,0.52,9.4,5
0.41,0.3,0.083,0.52,9.4,5
0.59,0.29,0.109,0.5,9.1,5
0.4,0.32,0.061,0.49,11.3,7
0.45,0.49,0.075,0.63,10.4,5
0.5,0.3,0.065,0.71,10.5,6
0.86,0.26,0.079,0.62,10,5
0.52,0.32,0.07,0.82,12.9,6
0.5,0.3,0.065,0.71,10.5,6
0.45,0.49,0.075,0.63,10.4,5
0.58,0,0.064,0.58,11.3,6
0.34,0.39,0.066,0.55,11.4,7
0.36,0.3,0.08,0.5,9.4,5
0.39,0.12,0.097,0.49,9.4,5
0.295,0.4,0.073,0.51,10.9,6
0.39,0.12,0.097,0.49,9.4,5
0.34,0.28,0.082,0.48,9.4,5
0.4,0.1,0.076,0.48,9.4,6
0.34,0.28,0.082,0.48,9.4,5
0.35,0.45,0.092,0.43,9.4,5
0.6,0.06,0.079,0.62,10.1,6
0.66,0,0.087,0.63,12.8,7
0.66,0,0.087,0.63,12.8,7
0.84,0.34,0.05,0.48,9.1,6
0.69,0,0.055,0.53,12.9,6
0.43,0.3,0.062,0.72,11.5,7
0.35,0.38,0.058,0.82,10.6,7
0.29,0.33,0.063,0.84,11.7,7
0.36,0.32,0.067,0.55,12.8,7
0.43,0.29,0.081,0.54,10.3,5
0.36,0.32,0.067,0.55,12.8,7
0.29,0.33,0.063,0.84,11.7,7
0.3,0.34,0.064,0.84,11.7,7
0.35,0.4,0.11,0.7,12,7
0.5,0.36,0.116,0.68,10.9,5
0.28,0.45,0.067,0.55,12.3,7
0.32,0.31,0.088,0.55,10.4,6
1.005,0.15,0.102,0.48,10,5
0.71,0,0.092,0.58,10,6
0.58,0.16,0.12,0.58,11.2,6
0.39,0.46,0.075,0.84,11.4,6
0.38,0.4,0.068,0.75,12.6,7
0.18,0.37,0.049,0.44,12.7,6
0.18,0.37,0.049,0.44,12.7,6
0.5,0.14,0.078,0.61,10.4,5
0.36,0.66,0.123,0.53,11.9,6
0.36,0.66,0.123,0.53,11.9,6
0.51,0.09,0.062,0.54,10.5,5
0.32,0.42,0.098,0.55,12.3,6
0.58,0.01,0.088,0.56,10.5,7
0.83,0,0.095,0.6,10.4,6
0.31,0.32,0.066,0.56,12.6,6
0.795,0,0.065,0.52,11.6,5
0.34,0.21,0.075,0.54,10.1,6
0.58,0.01,0.088,0.56,10.5,7
0.59,0,0.091,0.55,11.5,7
0.55,0.01,0.093,0.58,11,7
0.82,0,0.095,0.53,9.6,5
0.57,0.08,0.089,0.59,10.4,6
0.745,0.18,0.077,0.47,9.7,6
0.37,0.34,0.085,0.65,10.6,7
0.31,0.34,0.082,0.59,12.5,7
0.91,0.1,0.074,0.56,9.2,5
0.41,0.41,0.078,0.77,12.6,7
0.5,0.21,0.088,0.83,11.1,6
0.965,0,0.088,0.67,10.2,5
0.49,0.19,0.079,0.64,9.8,6
0.5,0.21,0.088,0.83,11.1,6
0.39,0.41,0.069,0.81,10.9,7
0.39,0.33,0.046,0.62,12.2,6
0.44,0,0.07,0.58,11.4,6
0.78,0,0.076,0.62,10.7,6
0.43,0.17,0.082,0.64,10.4,5
0.49,0.36,0.081,0.78,10.9,6
0.5,0.36,0.084,0.77,10.8,6
0.43,0.17,0.082,0.64,10.4,5
0.46,0.59,0.414,1.34,9.2,5
0.605,0.05,0.073,0.55,12.9,5
0.33,0.42,0.07,0.77,12.7,7
0.64,0.27,0.095,0.62,9.1,6
0.64,0.27,0.095,0.62,9.1,6
0.48,0.53,0.101,0.59,12.1,7
0.42,0.25,0.104,0.57,9.1,5
0.53,0.57,0.093,0.76,11.6,7
0.48,0.53,0.101,0.59,12.1,7
0.23,0.57,0.074,0.7,9.9,6
0.4,0.5,0.071,0.69,12.5,8
0.38,0.44,0.098,0.64,11.4,6
0.29,0.65,0.075,0.63,11.8,6
0.74,0.09,0.067,0.57,11.8,6
0.61,0.18,0.083,0.6,10.2,6
0.52,0.08,0.07,0.72,12.5,7
0.31,0.53,0.06,0.83,10.9,7
0.31,0.53,0.06,0.83,10.9,7
0.62,0.35,0.086,0.62,10.8,5
0.33,0.45,0.057,0.89,11.1,7
0.77,0.2,0.098,0.58,9.2,5
0.35,0.26,0.083,0.58,9.5,6
0.62,0.33,0.088,0.58,10.7,6
0.77,0.2,0.098,0.58,9.2,5
0.25,0.34,0.071,0.86,10.2,7
0.32,0.56,0.073,0.73,11.4,6
0.37,0.65,0.08,0.58,11,5
0.37,0.65,0.08,0.58,11,5
0.3,0.68,0.05,0.51,12.3,7
0.27,0.56,0.047,0.51,11.8,6
0.3,0.68,0.05,0.51,12.3,7
0.38,0.3,0.073,0.59,9.5,6
0.42,0.45,0.072,0.77,12,6
0.38,0.3,0.073,0.59,9.5,6
0.48,0.08,0.074,0.49,9.6,5
0.34,0.4,0.055,0.66,11.6,7
0.19,0.42,0.057,0.69,11.2,6
0.41,0.54,0.095,0.76,9.9,7
0.41,0.54,0.095,0.76,9.9,7
0.26,0.54,0.083,0.63,11.8,8
0.34,0.42,0.086,0.6,11.4,6
0.54,0.09,0.081,0.59,11.5,6
0.31,0.36,0.079,0.86,12,7
0.725,0.09,0.117,0.49,10.8,6
0.4,0.47,0.087,0.5,10.5,5
0.725,0.09,0.117,0.49,10.8,6
0.52,0.38,0.096,0.52,9.4,5
0.31,0.45,0.216,0.81,12.5,7
0.52,0.38,0.096,0.52,9.4,5
0.34,0.42,0.072,0.78,12.4,6
0.49,0.27,0.071,0.63,12,6
0.48,0.09,0.078,0.54,11.2,6
0.49,0.27,0.071,0.63,12,6
0.48,0.34,0.073,0.66,12.4,6
0.57,0.28,0.048,0.6,12.8,5
0.23,0.42,0.069,0.54,12.3,6
0.3,0.41,0.068,0.85,11.7,7
0.78,0.1,0.09,0.49,9.5,5
0.47,0.43,0.171,0.76,10.8,6
0.53,0,0.07,0.64,10,6
0.42,0.27,0.092,0.64,12.3,7
0.33,0.41,0.056,0.71,11,6
0.24,0.39,0.074,0.59,9.5,6
0.4,0.5,0.046,0.66,13.6,6
0.69,0.07,0.091,0.6,11.3,6
0.69,0.07,0.091,0.6,11.3,6
0.69,0.07,0.091,0.6,11.3,6
0.39,0.12,0.065,0.53,13.3,6
0.66,0,0.066,0.58,12.9,5
0.54,0.34,0.076,0.72,13.1,8
0.5,0,0.062,0.55,12.3,6
0.47,0,0.055,0.48,12.3,6
0.4,0.37,0.081,0.65,11.2,6
0.58,0,0.096,0.62,11.5,4
0.24,0.35,0.055,0.59,11.3,7
0.29,0.26,0.063,0.54,13.5,6
0.76,0,0.072,0.6,11.5,6
0.43,0.33,0.095,0.68,10,5
0.43,0.35,0.092,0.69,10.5,6
0.6,0,0.058,0.63,10.4,6
0.19,0.21,0.045,0.44,9.5,5
0.36,0.34,0.075,0.88,13.6,7
0.48,0.07,0.089,0.68,11.2,7
0.28,0.35,0.061,0.74,11.8,7
0.25,0.43,0.067,0.6,11.9,6
0.52,0.45,0.08,0.76,11.4,6
0.52,0.45,0.08,0.76,11.4,6
0.41,0.15,0.104,0.58,9.1,5
0.51,0.24,0.079,0.64,9.5,6
0.4,0.3,0.08,0.65,9.5,6
0.38,0.32,0.08,0.85,11,6
0.45,0.11,0.043,0.65,11.4,6
0.22,0.3,0.065,0.82,10,6
0.32,0.23,0.066,0.62,10.1,5
0.2,0.43,0.076,0.81,10.4,6
0.5,0.12,0.178,0.87,9.8,6
0.41,0.45,0.071,0.49,11.8,7
0.39,0.42,0.086,0.66,11.6,6
0.35,0.47,0.061,0.52,12,6
0.33,0.32,0.067,0.76,12.8,7
0.58,0.23,0.044,0.65,12.5,6
0.6,0.25,0.118,0.53,9.8,5
0.42,0.35,0.083,0.66,11.1,6
0.58,0,0.1,0.68,11.4,6
0.6,0.25,0.118,0.53,9.8,5
0.18,0.51,0.071,0.76,11.8,7
0.51,0.18,0.042,0.87,12.9,7
0.41,0.43,0.076,1.16,10.6,6
0.41,0.43,0.11,0.67,10.8,5
0.36,0.57,0.087,0.72,11.1,7
0.45,0.43,0.076,0.75,10.2,6
0.32,0.42,0.075,0.71,11.8,7
0.785,0.24,0.078,0.67,10,5
0.785,0.24,0.078,0.67,10,5
0.44,0.5,0.369,1.1,9.4,5
0.54,0.26,0.111,0.98,10.2,5
0.33,0.39,0.074,0.88,12.4,7
0.34,0.27,0.067,0.56,12,6
0.5,0.29,0.086,0.62,11.5,6
0.36,0.34,0.062,0.67,10.5,6
0.59,0,0.078,0.68,10.8,6
0.42,0.46,0.074,0.74,12.3,6
0.36,0.31,0.079,0.62,9.5,6
0.36,0.31,0.079,0.62,9.5,6
0.61,0,0.095,0.7,11.5,6
0.88,0.03,0.079,0.5,11.2,4
0.66,0,0.052,0.66,12.7,7
0.915,0,0.041,0.73,11.4,5
0.35,0.33,0.076,0.81,11,6
0.35,0.33,0.076,0.81,11,6
0.39,0.43,0.068,0.46,11.4,5
0.4,0.4,0.068,0.86,10.5,6
0.66,0.07,0.07,0.6,9.3,5
0.64,0.23,0.08,0.7,10.9,5
0.43,0.3,0.085,0.46,11.9,6
0.8,0.03,0.079,0.5,12.2,5
0.43,0.3,0.085,0.46,11.9,6
0.64,0.23,0.08,0.7,10.9,5
0.955,0.05,0.075,0.44,9.6,4
0.4,0.57,0.08,0.57,12.5,6
0.885,0,0.166,0.51,10.8,5
0.25,0.37,0.063,0.8,12.4,7
0.885,0,0.166,0.51,10.8,5
0.745,0.12,0.114,0.59,9.5,6
0.43,0.22,0.078,0.6,9.5,6
0.58,0.23,0.076,0.58,9.5,6
0.57,0.21,0.069,0.54,9.8,6
0.26,0.26,0.052,0.79,10.9,6
0.58,0.23,0.076,0.58,9.5,6
0.57,0.21,0.069,0.54,9.8,6
0.34,0.36,0.065,0.54,11.2,7
0.42,0.39,0.068,0.69,11.7,8
0.74,0.19,0.111,0.55,9.4,5
0.36,0.46,0.074,0.85,11,7
0.36,0.46,0.074,0.85,11,7
0.36,0.46,0.074,0.85,11,7
0.72,0.55,0.136,0.94,10,5
0.36,0.46,0.074,0.85,11,7
0.39,0.43,0.071,0.87,11.2,7
0.65,0.02,0.078,0.62,10.4,6
0.44,0.15,0.076,0.62,9.3,5
0.65,0.02,0.078,0.62,10.4,6
0.38,0.42,0.071,0.75,10.5,6
0.33,0.46,0.081,0.48,10.4,6
0.27,0.46,0.095,0.56,11.3,6
0.57,0.31,0.079,0.69,9.5,6
0.34,0.37,0.057,0.81,12,6
0.4,0.31,0.082,0.69,10.6,6
0.39,0.4,0.044,0.83,10.9,6
0.32,0.52,0.132,0.77,11.5,6
0.32,0.52,0.132,0.77,11.5,6
0.53,0.22,0.078,0.46,9.6,6
0.36,0.47,0.074,0.76,12,6
0.39,0.49,0.08,0.82,10.3,6
0.46,0.23,0.091,0.51,9.4,5
0.58,0.03,0.08,0.47,9.2,5
0.58,0.25,0.104,0.72,9.6,5
0.42,0,0.044,0.73,13.6,7
0.43,0.29,0.075,0.64,9.5,5
0.18,0.34,0.066,0.78,11.8,6
0.815,0.01,0.074,0.62,10.8,5
0.43,0.29,0.075,0.64,9.5,5
0.23,0.37,0.057,0.49,9.3,4
0.75,0.01,0.059,0.4,12.8,6
0.33,0.32,0.054,0.56,11.5,4
0.55,0,0.07,0.64,9.4,6
0.75,0.01,0.059,0.4,12.8,6
0.73,0,0.081,0.46,9.6,4
0.67,0,0.057,0.56,11.8,4
0.61,0.2,0.076,0.4,9.3,5
0.37,0.39,0.079,0.59,9.8,5
0.4,0.41,0.058,0.6,12.2,6
0.56,0.22,0.082,0.62,9.5,5
0.29,0.25,0.067,0.54,10.3,6
0.55,0.19,0.082,0.68,10.5,5
0.74,0.07,0.086,0.48,10,5
0.55,0.19,0.082,0.68,10.5,5
0.41,0.33,0.081,0.75,11.1,6
0.6,0.01,0.079,0.61,10.9,6
0.6,0.01,0.079,0.61,10.9,6
0.58,0.14,0.077,0.59,9.8,5
0.72,0,0.123,0.58,9.8,5
0.66,0,0.096,0.58,9.5,5
0.7,0.06,0.079,0.69,10.9,5
0.64,0.02,0.069,0.45,11,5
0.59,0.22,0.082,0.42,9.2,5
0.58,0.28,0.085,0.7,11,6
0.64,0,0.123,0.63,11.3,6
0.64,0,0.123,0.63,11.3,6
0.635,0.68,0.403,1.15,9.3,5
1.02,0,0.083,0.55,11.2,4
0.45,0.38,0.081,0.58,9.8,5
0.78,0,0.089,0.46,9.6,4
0.37,0.32,0.066,0.72,11.8,6
0.57,0.05,0.081,0.6,10.3,6
0.57,0.05,0.081,0.6,10.3,6
0.43,0.5,0.068,0.87,11.4,6
0.41,0.31,0.079,0.55,9.5,6
0.49,0.03,0.044,0.82,14,8
0.38,0.01,0.048,0.75,14,6
0.44,0.2,0.049,0.57,11.7,6
0.46,0,0.077,0.53,11.2,5
0.58,0.2,0.073,0.43,9.3,5
0.58,0.13,0.102,0.53,11.2,6
0.715,0.22,0.075,0.54,9.5,6
0.4,0.4,0.05,0.56,12,4
0.69,0,0.114,0.6,9.7,6
0.715,0.22,0.075,0.54,9.5,6
0.3,0.39,0.062,0.57,11.5,7
0.46,0.2,0.077,0.64,10.4,6
0.46,0.2,0.077,0.64,10.4,6
0.765,0,0.084,0.68,10.9,6
0.63,0.28,0.096,0.63,10.2,6
0.42,0.19,0.071,0.56,10.9,5
0.37,0.5,0.09,0.57,10.5,5
0.16,0.44,0.068,0.54,12.4,6
0.6,0.08,0.056,0.37,13,5
0.6,0.3,0.068,1.17,10.2,5
0.6,0.3,0.068,1.17,10.2,5
0.74,0,0.1,0.59,11,5
0.635,0.1,0.073,0.75,10.9,6
0.395,0.13,0.056,0.67,12.4,6
0.755,0,0.084,0.49,9.7,4
0.635,0.1,0.073,0.75,10.9,6
0.63,0,0.093,0.45,9.5,5
0.63,0,0.093,0.45,9.5,5
0.53,0.14,0.064,0.61,12.1,6
0.6,0,0.063,0.56,12.2,6
1.58,0,0.137,0.4,10.9,3
0.645,0,0.08,0.61,12.5,6
0.86,0.07,0.1,0.74,11.7,6
0.37,0.32,0.064,0.8,11.2,6
0.28,0.44,0.081,0.66,11.2,5
0.79,0.21,0.087,0.44,9.2,5
0.61,0.26,0.073,0.53,9.8,5
0.69,0.32,0.088,0.62,10.1,5
0.68,0.09,0.068,0.52,11.1,4
0.69,0.32,0.088,0.62,10.1,5
0.62,0.1,0.071,0.61,9.2,5
0.61,0.26,0.073,0.53,9.8,5
0.51,0.15,0.064,0.59,12.8,6
1.18,0.21,0.083,0.47,10.5,5
0.36,0.21,0.086,0.54,10.1,6
0.36,0.21,0.086,0.53,10.1,6
0.63,0.27,0.083,0.58,9.8,6
0.74,0,0.041,0.59,12.5,6
0.44,0.46,0.091,0.69,11.9,6
0.63,0.27,0.083,0.58,9.8,6
0.76,0.68,0.414,1.33,9.1,6
0.66,0.34,0.094,0.66,10.1,5
0.74,0,0.041,0.59,12.5,6
0.34,0.42,0.058,0.55,11.4,5
0.36,0.39,0.06,0.82,11,7
0.46,0.24,0.077,0.6,10.6,6
0.46,0.24,0.077,0.6,10.6,6
0.46,0.24,0.077,0.6,10.6,6
0.46,0.24,0.077,0.6,10.6,6
0.52,0.11,0.073,0.52,9.3,5
0.6,0.26,0.083,0.56,9.8,6
0.6,0.26,0.083,0.56,9.8,6
0.87,0.26,0.107,0.46,9.2,5
0.39,0.1,0.075,0.43,9.7,6
0.775,0.22,0.079,0.51,9.6,5
0.835,0,0.166,0.52,10,5
0.58,0.02,0.069,0.66,12.6,6
0.5,0,0.057,0.45,9.5,5
0.5,0,0.057,0.45,9.5,5
0.5,0,0.057,0.45,9.5,5
0.51,0.02,0.084,0.54,10.5,6
0.51,0.02,0.084,0.54,10.5,6
0.51,0.02,0.084,0.54,10.5,6
0.54,0.02,0.085,0.51,10.4,6
0.51,0.02,0.084,0.54,10.5,6
0.42,0.48,0.077,0.53,11,5
0.44,0.24,0.063,0.53,10.2,6
0.59,0.01,0.056,0.56,11.4,5
0.655,0.03,0.078,0.39,9.5,5
0.655,0.03,0.078,0.39,9.5,5
0.57,0,0.081,0.52,10.8,5
0.6,0.29,0.069,0.57,10,5
0.62,0.01,0.065,0.51,11.8,6
0.645,0.03,0.086,0.46,10.3,5
0.645,0.03,0.086,0.46,10.3,5
0.58,0.03,0.077,0.52,10,5
0.32,0.25,0.086,0.44,10.1,5
0.34,0.25,0.084,0.44,10.1,5
0.43,0.24,0.078,0.59,11.1,6
0.64,0.17,0.168,0.5,9.5,5
0.475,0.4,0.091,0.65,10.03333333,6
0.54,0.31,0.112,0.56,10.9,5
0.85,0.14,0.093,0.54,10.1,5
0.475,0.4,0.091,0.65,10.03333333,6
0.83,0.27,0.08,0.48,9.8,4
0.605,0.02,0.096,0.53,11.8,6
0.5,0.09,0.115,0.62,9.5,5
0.74,0.08,0.094,0.5,9.8,5
0.54,0.3,0.088,1.18,10.5,6
0.77,0.32,0.079,0.5,9.8,6
0.61,0,0.069,0.37,10.4,4
0.78,0.51,0.415,1.17,9.2,5
0.58,0.56,0.153,1.03,11.6,6
0.78,0.51,0.415,1.17,9.2,5
0.75,0.27,0.11,0.45,9.3,5
0.815,0,0.267,0.51,9.8,3
0.56,0.26,0.083,0.52,9.9,5
0.885,0.2,0.086,0.46,10,5
0.49,0.26,0.09,0.62,12.2,6
0.45,0.15,0.078,0.51,9.9,6
0.57,0.02,0.077,0.62,10.8,6
0.57,0.02,0.077,0.62,10.8,6
0.83,0.09,0.074,0.45,9.6,5
0.6,0.22,0.08,0.49,9.9,5
0.6,0.22,0.08,0.49,9.9,5
0.755,0.15,0.107,0.5,9.5,5
0.81,0.25,0.076,0.42,9.2,5
0.64,0.07,0.1,0.58,9.6,5
0.64,0.07,0.1,0.58,9.6,5
0.64,0.31,0.083,0.68,10.3,5
0.48,0.02,0.08,0.53,9.7,5
0.49,0,0.068,0.59,12.5,6
0.64,0.22,0.094,0.58,11,5
0.62,0.06,0.07,0.48,9.8,5
0.52,0.25,0.078,0.48,10.2,5
0.57,0.14,0.07,0.48,9.2,5
0.685,0.1,0.092,0.65,9.55,6
0.675,0.1,0.09,0.65,9.55,5
0.59,0.26,0.08,0.52,9.9,5
0.6,0.12,0.083,0.62,10.2,7
0.67,0,0.068,0.72,11.1,6
0.69,0.21,0.08,0.51,9.9,5
0.69,0.21,0.08,0.51,9.9,5
0.3,0.42,0.052,0.82,11.9,6
0.33,0.33,0.061,1.1,10,8
0.5,0.39,0.082,0.62,10.7,6
0.28,0.3,0.062,0.9,11.3,7
0.24,0.34,0.062,0.94,10.9,6
0.51,0,0.064,0.93,10.7,6
0.29,0.36,0.048,1.01,12.4,7
0.51,0,0.064,0.93,10.7,6
0.96,0,0.082,0.44,11.9,6
0.47,0.4,0.071,0.73,10.6,6
0.24,0.34,0.062,0.94,10.9,6
0.57,0.25,0.104,0.9,10.1,5
0.32,0.59,0.077,0.78,9.6,5
0.58,0,0.065,0.84,9.4,5
0.32,0.59,0.077,0.78,9.6,5
0.34,0.33,0.064,0.77,12.1,7
0.53,0.01,0.077,0.46,9.8,5
0.64,0.21,0.077,0.45,9.9,5
0.53,0.01,0.077,0.46,9.8,5
0.4,0.18,0.079,0.58,9.4,5
0.54,0,0.079,0.84,11.4,6
0.53,0.09,0.123,0.67,11,4
0.26,0.37,0.076,0.7,9.6,6
0.26,0.37,0.076,0.7,9.6,6
0.23,0.37,0.046,0.71,12.1,6
0.41,0.33,0.078,0.58,11.2,5
0.64,0,0.072,0.63,11,5
0.18,0.4,0.049,0.93,11.3,5
0.41,0.24,0.066,0.62,10.4,5
0.43,0.31,0.069,0.54,9.9,6
0.44,0,0.042,0.85,11.7,6
0.4,0.16,0.069,0.74,10.1,7
0.54,0.37,0.214,0.77,9,6
0.54,0.37,0.214,0.77,9,6
0.38,0.38,0.169,0.65,8.5,5
0.915,0.29,0.07,0.54,11.1,5
0.59,0,0.052,0.47,10.3,5
0.67,0.02,0.072,0.68,11.06666667,6
0.37,0.32,0.062,0.73,11.3,7
0.785,0.19,0.094,0.52,9.566666667,6
0.63,0.02,0.078,0.75,9.8,5
0.58,0.2,0.058,0.49,11.7,5
0.67,0.02,0.072,0.68,11.1,6
0.785,0.19,0.094,0.52,9.6,6
0.63,0.02,0.078,0.75,9.8,5
0.67,0,0.08,0.74,9.7,5
0.58,0.01,0.08,0.73,9.7,5
0.38,0.31,0.056,0.76,11.3,8
0.37,0.32,0.062,0.73,11.3,7
0.32,0.44,0.104,0.78,11,7
0.58,0.02,0.062,0.76,11.6,7
0.49,0.33,0.074,0.58,9,5
0.45,0.63,0.073,0.69,10.9,6
0.9,0,0.052,0.63,10.9,6
0.54,0.06,0.05,0.5,10.55,6
0.49,0.33,0.074,0.58,9,5
0.29,0.4,0.067,0.6,10.5,5
0.2,0.35,0.054,0.8,11.9,7
0.42,0.09,0.054,0.68,10.4,6
0.785,0,0.06,0.61,10,4
0.64,0.03,0.075,0.58,10.4,6
0.63,0.01,0.076,0.53,10.8,6
0.59,0.1,0.063,0.67,9.7,5
0.59,0.1,0.063,0.67,9.7,5
0.48,0.32,0.062,0.65,10,7
1.04,0.08,0.067,0.57,11,4
0.48,0.32,0.062,0.65,10,7
0.98,0.05,0.061,0.55,9.7,3
0.69,0.11,0.084,0.47,9.7,5
0.7,0.08,0.067,0.52,12.6,5
0.35,0.6,0.073,0.79,11.1,6
0.6,0.08,0.071,0.54,11,5
0.5,0.5,0.205,0.75,8.8,5
0.47,0.11,0.048,0.88,13.56666667,7
0.5,0.5,0.205,0.75,8.8,5
0.47,0.11,0.048,0.88,13.6,7
0.875,0.05,0.082,0.52,10.2,3
0.28,0.6,0.104,0.68,10.6,5
0.62,0.03,0.08,0.62,10.1,4
0.28,0.6,0.104,0.68,10.6,5
0.58,0.54,0.114,0.57,10.3,4
0.33,0.44,0.042,0.61,10.7,5
0.91,0.06,0.06,0.64,10.9,4
0.655,0.16,0.074,0.55,9.7,5
0.68,0.21,0.07,0.6,10.3,5
0.64,0.05,0.066,0.78,10.6,5
0.54,0.04,0.049,0.58,11.4,5
0.57,0.1,0.048,0.76,10.8,6
0.22,0.49,0.039,0.56,12.4,6
0.54,0.04,0.049,0.58,11.4,5
0.65,0.06,0.05,0.54,11.95,5
0.54,0.26,0.089,0.59,9.7,5
0.31,0.09,0.066,0.7,10,7
0.43,0.02,0.08,0.81,10.6,6
0.54,0.26,0.089,0.59,9.7,5
0.74,0.03,0.054,0.63,11.5,6
0.895,0.04,0.068,0.58,10.8,6
0.74,0.03,0.054,0.63,11.5,6
0.725,0.04,0.076,0.53,9.6,5
0.82,0.29,0.083,0.53,9.4,5
0.585,0.18,0.078,0.54,9.8,5
0.44,0.39,0.077,0.69,11,6
0.38,0.57,0.106,0.55,11.4,6
0.76,0.02,0.078,0.63,9.95,3
0.81,0.05,0.07,0.66,10.8,6
0.38,0.57,0.106,0.55,11.4,6
0.27,0.6,0.074,0.72,10.6,6
0.18,0.4,0.062,0.7,11.1,5
0.36,0.21,0.047,0.77,9.7,6
0.69,0.04,0.068,0.67,9.8,5
0.79,0.04,0.061,0.65,10.4,6
0.56,0.15,0.078,0.6,10.5,6
0.84,0.21,0.074,0.72,9.233333333,6
0.84,0.21,0.074,0.72,9.25,6
0.32,0.25,0.071,0.97,10.6,5
0.53,0.06,0.063,0.83,10.3,6
0.47,0.46,0.114,0.63,10.5,5
0.7,0.08,0.106,0.58,10.2,5
0.53,0.06,0.063,0.83,10.3,6
0.48,0.2,0.082,0.43,9.05,4
0.32,0.25,0.071,0.97,10.6,5
0.48,0.25,0.076,0.6,10.4,5
0.42,0.19,0.075,0.78,10,6
0.48,0.08,0.064,0.64,9.7,5
0.47,0.08,0.064,0.65,9.6,6
0.53,0.07,0.071,0.66,10.8,6
0.29,0.49,0.096,0.67,10.1,6
0.69,0.08,0.063,0.6,10.2,6
0.44,0.09,0.063,0.69,11.3,6
0.705,0.1,0.081,0.66,10.2,5
0.53,0.13,0.058,0.68,9.9,6
0.39,0.3,0.074,0.61,9,5
0.56,0.14,0.064,0.62,11.7,7
0.55,0.13,0.075,0.59,9.7,6
0.53,0.08,0.077,0.68,10.3,6
0.58,0.08,0.059,0.64,10.2,6
0.64,0.09,0.081,0.63,12,5
0.39,0.32,0.065,0.78,9.9,5
0.52,0.08,0.071,0.63,11.6,6
0.25,0.29,0.054,0.76,10.9,7
0.855,0.02,0.064,0.56,10.75,6
0.44,0.42,0.064,0.57,10.4,6
0.37,0.43,0.063,0.81,11.2,7
0.63,0.33,0.059,0.64,10.1,6
0.57,0.02,0.072,0.61,10.2,5
0.6,0.1,0.048,0.51,12.1,5
0.4,0.5,0.099,0.58,10.4,5
0.36,0.3,0.074,0.7,11.4,8
0.68,0,0.087,0.53,9.5,5
0.67,0,0.083,0.54,9.4,5
0.68,0.01,0.103,0.66,11.3,6
0.735,0,0.08,0.6,9.4,5
0.855,0.02,0.062,0.6,11,6
0.56,0.17,0.065,0.68,10.55,7
0.88,0.04,0.066,0.56,9.9,5
0.855,0.02,0.062,0.6,11,6
0.63,0.33,0.235,0.56,9.5,5
0.6,0.26,0.08,0.52,9.9,5
0.6,0.26,0.08,0.52,9.9,5
0.6,0.26,0.08,0.52,9.9,5
0.695,0.13,0.076,0.54,10.1,5
0.695,0.13,0.076,0.54,10.1,5
0.695,0.13,0.076,0.54,10.1,5
0.67,0.02,0.061,0.82,10.9,6
0.16,0.64,0.059,0.71,11.2,6
0.695,0.13,0.076,0.54,10.1,5
0.56,0.13,0.077,0.59,9.2,5
0.51,0.14,0.056,0.57,11.5,6
0.36,0.53,0.23,0.93,12.4,6
0.38,0.14,0.038,0.65,11.1,6
0.69,0.32,0.069,0.51,9.5,5
0.58,0.2,0.075,0.67,12.5,6
0.31,0.78,0.074,0.48,10.5,6
0.52,0.4,0.06,0.64,11.8,6
0.3,0.63,0.081,0.78,10.8,6
0.7,0.15,0.076,0.6,11.9,6
0.67,0.15,0.118,0.67,11.3,6
0.56,0.09,0.053,0.6,11.3,5
0.35,0.33,0.068,0.6,11.9,6
0.56,0.09,0.053,0.6,11.3,5
0.715,0.1,0.053,0.5,11.9,5
0.46,0.29,0.074,0.62,9.8,5
0.32,0.44,0.061,0.8,11.6,7
0.39,0.44,0.066,0.84,11.5,6
0.31,0.41,0.065,0.85,11.4,6
0.61,0.11,0.066,0.66,10.9,6
0.66,0.33,0.068,0.78,12.8,6
0.725,0.2,0.073,0.54,9.2,5
0.55,0.15,0.077,0.82,11.6,6
0.74,0.09,0.089,0.56,11.6,6
0.51,0.13,0.076,0.75,11,6
0.62,0.08,0.068,0.82,9.5,6
0.6,0.08,0.09,0.58,10.5,5
0.55,0.1,0.062,0.76,11.2,6
0.51,0.13,0.076,0.75,11,6
0.645,0.12,0.075,0.71,10.2,5
0.31,0.47,0.067,0.66,11,6
